City_ID,City,Lat,Lng,Max Temp,Humidity,Cloudiness,Wind Speed,Country,Date
0,husavik,50.56,-96.99,10.0,69,17,4.0,CA,1573427941
1,hobart,-42.88,147.33,61.0,54,100,10.29,AU,1573427819
2,castro,-42.48,-73.76,59.0,72,99,6.93,CL,1573427737
3,mahebourg,-20.41,57.7,71.01,94,40,8.05,MU,1573427930
4,hermanus,-34.42,19.24,66.0,86,63,11.99,ZA,1573428060
5,verkhniy landekh,56.84,42.6,37.87,96,100,10.85,RU,1573428060
6,margate,-43.03,147.26,61.0,54,100,10.29,AU,1573427989
7,puerto ayora,-0.74,-90.35,75.2,69,40,4.7,EC,1573427925
8,scottsbluff,41.87,-103.67,32.0,86,90,25.28,US,1573427807
9,yulara,-25.24,130.99,77.0,7,42,5.82,AU,1573427919
10,novosibirsk,55.03,82.92,1.4,91,40,4.47,RU,1573428061
11,sambava,-14.27,50.17,68.49,92,100,2.57,MG,1573428061
12,qaanaaq,77.48,-69.36,-0.73,37,0,5.32,GL,1573427886
13,kapaa,22.08,-159.32,82.4,69,75,8.05,US,1573427860
14,lavrentiya,65.58,-170.99,34.63,89,100,12.64,RU,1573427884
15,emirdag,39.02,31.15,48.0,42,29,2.93,TR,1573428062
16,cape town,-33.93,18.42,66.99,77,21,8.05,ZA,1573427767
17,nikolskoye,59.7,30.79,45.0,87,75,2.24,RU,1573427872
18,sechura,-5.56,-80.82,65.55,85,54,11.16,PE,1573428063
19,ponta do sol,-20.63,-46.0,70.9,83,94,4.76,BR,1573427973
20,saint-andre-avellin,45.72,-75.07,34.0,86,90,9.17,CA,1573428041
21,mataura,-46.19,168.86,52.0,64,100,10.0,NZ,1573427857
22,bethel,60.79,-161.76,42.8,86,1,9.17,US,1573427927
23,hilo,19.71,-155.08,87.8,55,40,8.05,US,1573427717
24,bluff,-23.58,149.07,84.58,14,48,9.82,AU,1573428037
25,saint george,39.45,22.34,53.6,93,0,6.93,GR,1573427923
26,busselton,-33.64,115.35,62.01,49,0,11.34,AU,1573427903
27,hannibal,39.71,-91.36,51.8,53,1,4.7,US,1573428065
28,port elizabeth,39.31,-74.98,53.6,61,1,3.36,US,1573427931
29,barrow,-38.31,-60.23,54.5,83,69,14.34,AR,1573427872
30,mar del plata,-46.43,-67.52,51.67,78,27,10.92,AR,1573427915
31,port blair,11.67,92.75,81.36,70,0,2.01,IN,1573428066
32,rikitea,-23.12,-134.97,74.41,81,99,11.34,PF,1573427862
33,dwarahat,29.78,79.43,48.07,48,78,4.05,IN,1573428066
34,saint-joseph,43.56,6.97,57.2,81,100,6.93,FR,1573428066
35,hithadhoo,-0.6,73.08,82.67,71,90,7.85,MV,1573428066
36,bredasdorp,-34.53,20.04,66.0,82,100,13.87,ZA,1573427875
37,new norfolk,-42.78,147.06,61.0,54,100,10.29,AU,1573427910
38,port alfred,-33.59,26.89,63.0,96,100,4.0,ZA,1573427869
39,the valley,18.22,-63.06,82.4,78,20,11.41,AI,1573427976
40,del city,35.44,-97.44,71.6,56,1,12.75,US,1573428068
41,ushuaia,-54.81,-68.31,60.8,38,6,11.41,AR,1573427669
42,nanortalik,60.14,-45.24,30.79,89,100,52.68,GL,1573427935
43,karratha,-20.74,116.85,80.87,53,0,9.57,AU,1573427993
44,saint-philippe,45.36,-73.48,43.0,75,90,11.41,CA,1573427914
45,kodiak,39.95,-94.76,55.4,57,1,13.87,US,1573427668
46,kirakira,-10.46,161.92,82.63,60,74,6.58,SB,1573428069
47,krasnoborsk,61.56,45.93,36.46,99,100,8.95,RU,1573428069
48,namatanai,-3.66,152.44,83.48,68,90,5.59,PG,1573428069
49,pangai,-19.8,-174.35,82.4,69,75,10.29,TO,1573428069
50,georgetown,6.8,-58.16,82.4,83,75,4.7,GY,1573427777
51,punta arenas,-53.16,-70.91,51.8,62,75,3.36,CL,1573427916
52,isla vista,34.41,-119.86,77.0,72,1,5.82,US,1573428070
53,salalah,17.01,54.1,75.2,69,20,3.36,OM,1573428070
54,jamestown,-33.21,138.6,78.49,13,0,18.3,AU,1573427844
55,volosovo,59.45,29.48,45.0,87,75,2.24,RU,1573428071
56,chuy,-33.69,-53.46,60.85,83,3,11.27,UY,1573427909
57,lebu,8.96,38.73,50.61,75,37,1.61,ET,1573427937
58,vaini,15.34,74.49,66.13,80,0,5.03,IN,1573427906
59,thompson,55.74,-97.86,-4.01,70,40,2.24,CA,1573427911
60,peniche,39.36,-9.38,60.01,93,75,8.05,PT,1573428072
61,banda aceh,5.56,95.32,73.71,90,79,2.24,ID,1573427671
62,ulladulla,-35.36,150.48,71.6,37,27,8.05,AU,1573428073
63,porto novo,-23.68,-45.44,71.6,88,75,5.82,BR,1573428073
64,upernavik,72.79,-56.15,26.37,63,95,10.58,GL,1573427868
65,tuktoyaktuk,69.44,-133.03,10.4,78,5,8.05,CA,1573427926
66,longyearbyen,78.22,15.63,14.0,78,75,5.82,NO,1573427927
67,mezen,65.85,44.24,18.23,95,97,7.9,RU,1573427857
68,angoche,-16.23,39.91,77.13,88,42,1.16,MZ,1573427496
69,tiksi,71.64,128.87,-10.74,96,95,0.89,RU,1573427921
70,san vicente,-0.59,-80.41,73.4,88,90,11.41,EC,1573428074
71,dikson,73.51,80.55,10.13,95,41,8.41,RU,1573427854
72,chipata,-13.64,32.65,74.25,55,98,4.16,ZM,1573428075
73,bako,12.29,-0.73,83.98,23,6,6.17,BF,1573428075
74,kaitangata,-46.28,169.85,48.99,63,100,15.01,NZ,1573427963
75,egvekinot,66.32,-179.17,21.31,94,100,9.62,RU,1573428075
76,carnarvon,-30.97,22.13,61.45,55,28,9.78,ZA,1573427873
77,mount gambier,-37.83,140.78,64.4,55,99,17.22,AU,1573428075
78,iqaluit,63.75,-68.52,3.2,84,40,6.93,CA,1573427868
79,lagunas,-5.23,-75.68,76.78,92,90,6.29,PE,1573428076
80,hami,42.84,93.51,35.35,41,16,1.79,CN,1573428076
81,galesong,-5.32,119.37,75.2,88,20,3.36,ID,1573428076
82,tarko-sale,64.92,77.78,-9.23,96,0,11.97,RU,1573427970
83,talnakh,69.49,88.39,-11.21,76,100,6.71,RU,1573427993
84,alofi,-19.06,-169.92,80.6,65,22,11.41,NU,1573428077
85,conceicao do araguaia,-8.26,-49.26,77.05,83,100,2.66,BR,1573428077
86,karla,59.37,24.93,41.0,93,90,12.75,EE,1573428077
87,butaritari,3.07,172.79,83.91,71,98,6.6,KI,1573427856
88,morondava,-20.3,44.28,73.62,73,0,4.47,MG,1573428078
89,yellowknife,62.45,-114.38,10.4,72,75,5.82,CA,1573427916
90,chase,38.35,-98.35,59.0,41,1,16.11,US,1573428078
91,redlands,34.06,-117.19,89.6,14,5,6.93,US,1573428078
92,saskylakh,71.97,114.09,-9.12,95,100,1.99,RU,1573427940
93,vrangel,42.73,133.08,48.16,91,100,15.5,RU,1573428079
94,berkak,62.83,10.01,24.01,89,93,1.01,NO,1573428079
95,saint-pierre,48.95,4.24,44.6,100,75,6.93,FR,1573428079
96,lokot,52.57,34.57,44.51,92,100,10.09,RU,1573428079
97,lasa,34.92,32.53,68.0,48,35,9.17,CY,1573427911
98,simao,22.76,100.79,56.59,93,34,2.86,CN,1573428080
99,clyde river,70.47,-68.59,14.0,92,100,33.33,CA,1573427918
100,east london,-33.02,27.91,68.2,81,100,21.41,ZA,1573427922
101,hofn,64.25,-15.21,43.02,80,100,42.68,IS,1573427867
102,omsukchan,62.53,155.8,2.5,95,100,4.45,RU,1573427920
103,port hedland,-20.31,118.58,78.8,61,48,6.93,AU,1573428081
104,flin flon,54.77,-101.88,6.8,65,90,12.75,CA,1573427903
105,pevek,69.7,170.27,11.52,75,95,1.52,RU,1573428081
106,kenai,60.55,-151.26,41.0,60,75,11.41,US,1573428081
107,chara,39.42,22.43,53.6,93,0,6.93,GR,1573428081
108,ribeira grande,38.52,-28.7,61.92,85,39,3.06,PT,1573427917
109,naugachhia,25.4,87.1,68.81,84,0,1.12,IN,1573428082
110,vredendal,-31.68,18.49,56.98,91,24,1.92,ZA,1573428082
111,rio grande,-32.03,-52.1,69.8,88,90,14.99,BR,1573428082
112,olenegorsk,68.14,33.28,8.49,96,84,3.74,RU,1573428083
113,ugoofaaru,5.67,73.0,82.17,74,48,9.64,MV,1573428083
114,northam,-31.65,116.67,60.8,63,0,13.87,AU,1573427919
115,berdigestyakh,62.1,126.7,-3.79,87,100,8.5,RU,1573428083
116,los llanos de aridane,28.66,-17.92,68.0,72,40,14.99,ES,1573428084
117,bambous virieux,-20.34,57.76,71.01,94,40,8.05,MU,1573427924
118,dalvik,57.79,14.13,33.01,90,72,5.82,SE,1573428084
119,khatanga,71.98,102.47,-2.3,97,100,8.99,RU,1573427929
120,naberera,-4.2,36.93,66.94,85,60,4.94,TZ,1573428084
121,vezirkopru,41.14,35.45,37.4,37,8,4.45,TR,1573428085
122,okhotsk,59.36,143.24,11.62,82,96,7.9,RU,1573427927
123,billings,45.79,-108.5,15.01,85,90,11.41,US,1573427932
124,pochutla,15.74,-96.47,87.01,66,40,11.41,MX,1573428085
125,bosaso,11.28,49.18,80.31,73,0,16.51,SO,1573428085
126,isangel,-19.55,169.27,80.6,69,20,16.11,VU,1573428086
127,imperia,43.88,8.02,57.2,71,75,29.97,IT,1573428086
128,atasu,48.68,71.64,17.69,61,38,5.75,KZ,1573428086
129,bonthe,7.53,-12.5,79.09,84,0,5.75,SL,1573427967
130,avarua,-21.21,-159.78,73.4,88,0,10.29,CK,1573427916
131,marsh harbour,26.54,-77.06,75.7,65,11,16.42,BS,1573428086
132,tilaran,10.47,-84.97,84.2,66,75,5.82,CR,1573428087
133,coalinga,36.14,-120.36,82.4,14,1,3.36,US,1573428087
134,victoria,5.28,115.24,80.6,88,75,6.04,BN,1573427933
135,luderitz,-26.65,15.16,60.8,87,0,3.36,NA,1573427877
136,kyren,51.68,102.13,-4.51,98,100,1.05,RU,1573428088
137,susehri,40.16,38.09,41.68,52,0,2.51,TR,1573428088
138,cherskiy,68.75,161.3,12.04,54,75,0.49,RU,1573427938
139,seoul,37.57,126.98,53.6,100,75,10.09,KR,1573427878
140,deputatskiy,69.3,139.9,0.59,97,100,1.81,RU,1573428089
141,podkletnoye,54.66,31.74,48.13,90,100,13.67,RU,1573428089
142,linkoping,58.41,15.62,28.4,100,0,2.24,SE,1573427886
143,albany,42.65,-73.75,44.6,48,90,5.82,US,1573427679
144,samarai,-10.62,150.67,79.32,70,94,7.76,PG,1573428089
145,faanui,-16.48,-151.75,80.06,77,92,11.14,PF,1573427920
146,arraial do cabo,-22.97,-42.02,77.0,88,75,11.41,BR,1573427917
147,tasiilaq,65.61,-37.64,37.4,95,100,55.25,GL,1573427913
148,haines junction,60.75,-137.51,2.62,58,0,0.92,CA,1573427934
149,chapada dos guimaraes,-15.46,-55.75,78.8,69,20,5.82,BR,1573428090
150,magadan,59.56,150.8,21.49,68,69,13.27,RU,1573427965
151,tura,64.27,100.22,-16.32,95,100,2.57,RU,1573427921
152,touba,14.86,-15.88,77.34,39,40,12.97,SN,1573428091
153,magomeni,-6.8,39.25,77.97,86,100,9.04,TZ,1573428091
154,shingu,33.72,135.99,59.0,87,75,2.24,JP,1573428091
155,esperance,-33.86,121.89,57.2,62,75,13.87,AU,1573427869
156,fengrun,39.83,118.12,45.36,51,0,3.29,CN,1573428092
157,hamilton,43.26,-79.87,44.6,91,90,6.93,CA,1573427703
158,losevo,51.73,38.83,41.0,86,75,11.18,RU,1573428092
159,san cristobal,14.68,-86.92,67.05,93,82,3.53,HN,1573428092
160,caravelas,-17.73,-39.27,72.59,92,79,8.01,BR,1573428093
161,phan thiet,10.93,108.1,71.29,96,100,6.76,VN,1573427958
162,lorengau,-2.02,147.27,83.12,73,81,7.58,PG,1573428093
163,tiznit,29.7,-9.73,54.25,53,17,1.57,MA,1573428093
164,kaliua,-5.06,31.79,67.59,81,82,3.06,TZ,1573428094
165,capelinha,-17.69,-42.52,71.85,45,82,6.38,BR,1573428094
166,comodoro rivadavia,-45.87,-67.48,55.4,76,40,11.41,AR,1573428094
167,atuona,-9.8,-139.03,79.99,68,4,9.98,PF,1573427846
168,geraldton,49.72,-86.95,3.2,71,20,4.7,CA,1573428094
169,fort nelson,58.81,-122.69,5.0,71,5,2.24,CA,1573428095
170,te anau,-45.41,167.72,42.75,84,86,3.4,NZ,1573427982
171,cermeno,8.52,-82.44,80.6,83,40,3.36,PA,1573428095
172,salinopolis,-0.61,-47.36,82.63,77,60,18.72,BR,1573428095
173,chokurdakh,70.62,147.9,2.52,96,94,8.66,RU,1573427843
174,braganca,-1.05,-46.77,76.06,85,46,2.57,BR,1573428096
175,baghdad,33.3,44.38,55.4,58,0,4.7,IQ,1573428096
176,jacareacanga,-6.22,-57.76,75.88,90,92,1.12,BR,1573428096
177,hualmay,-11.1,-77.61,62.82,83,0,3.29,PE,1573428096
178,dilla,6.41,38.31,53.62,95,93,1.34,ET,1573428097
179,kartuzy,54.33,18.2,43.0,86,75,4.7,PL,1573428097
180,mao,19.55,-71.08,82.4,83,75,13.87,DO,1573428097
181,richards bay,-28.77,32.06,70.54,92,100,23.89,ZA,1573427940
182,vila franca do campo,37.72,-25.43,62.6,82,20,5.82,PT,1573427925
183,bowen,-20.01,148.25,82.99,51,0,3.36,AU,1573428098
184,mandera,3.94,41.86,75.0,28,20,10.16,ET,1573428098
185,sorland,67.67,12.69,19.4,62,0,4.7,NO,1573427848
186,idukki,9.85,76.97,64.49,93,68,3.98,IN,1573428098
187,colares,38.8,-9.45,61.0,93,75,8.05,PT,1573427962
188,along,28.17,94.8,61.11,97,100,1.41,IN,1573428099
189,nakusp,50.24,-117.8,39.0,97,5,4.0,CA,1573428099
190,airai,-8.93,125.41,84.38,22,10,5.95,TL,1573427993
191,zhezkazgan,47.8,67.71,18.36,58,0,1.92,KZ,1573427904
192,tashla,53.71,49.75,32.0,83,90,6.71,RU,1573428100
193,meulaboh,4.14,96.13,79.57,78,99,3.02,ID,1573427880
194,udachnyy,66.42,112.4,-23.81,74,75,4.47,RU,1573428100
195,skibbereen,51.55,-9.27,44.6,75,40,18.34,IE,1573428100
196,labuan,5.28,115.24,80.6,88,75,6.04,BN,1573427969
197,lata,30.78,78.62,25.3,20,100,2.93,IN,1573427972
198,knyaze-volkonskoye,48.46,135.46,33.8,74,75,4.47,RU,1573428101
199,celestun,20.87,-90.4,79.66,79,0,18.95,MX,1573428101
200,norman wells,65.28,-126.83,6.8,77,5,2.24,CA,1573428101
201,promyshlennyy,67.58,63.92,4.73,91,70,8.55,RU,1573428101
202,aklavik,68.22,-135.01,15.8,43,5,3.36,CA,1573427982
203,ippy,6.26,21.2,70.93,57,0,2.86,CF,1573428102
204,sitka,37.17,-99.65,60.01,41,100,1.99,US,1573427880
205,hongjiang,27.21,109.83,58.87,73,25,2.08,CN,1573428102
206,tsabong,-26.02,22.4,72.55,51,55,8.99,BW,1573428102
207,vestmanna,62.16,-7.17,37.4,70,100,24.16,FO,1573428103
208,neiafu,-18.65,-173.98,80.6,78,75,11.41,TO,1573428103
209,ancud,-41.87,-73.83,59.0,72,100,6.93,CL,1573428103
210,atocha,-24.82,-65.48,75.2,60,75,10.29,AR,1573428103
211,bayir,37.27,28.22,59.0,82,75,3.36,TR,1573428103
212,sri aman,1.24,111.46,75.2,94,7,0.63,MY,1573427963
213,katobu,-4.94,122.53,85.78,58,49,5.35,ID,1573427949
214,nantucket,41.28,-70.1,52.0,61,75,4.7,US,1573428104
215,lagoa,37.14,-8.45,60.8,72,75,13.87,PT,1573427984
216,qasigiannguit,68.82,-51.19,41.0,32,100,19.46,GL,1573428105
217,amapa,15.09,-87.97,75.99,96,90,2.24,HN,1573428105
218,labytnangi,66.66,66.39,-2.87,95,95,5.41,RU,1573428105
219,anadyr,64.73,177.51,37.4,93,75,22.37,RU,1573428105
220,dickinson,46.88,-102.79,9.0,71,90,9.17,US,1573427897
221,kieta,-6.22,155.63,83.57,67,86,6.33,PG,1573428106
222,manggar,-2.88,108.27,83.93,71,0,7.52,ID,1573428106
223,yar-sale,66.83,70.83,-7.86,98,0,8.28,RU,1573427917
224,nirmal,19.09,78.35,68.22,78,0,2.59,IN,1573428107
225,yeppoon,-23.13,150.74,82.4,30,0,2.24,AU,1573427966
226,broome,52.47,1.45,45.0,100,88,4.7,GB,1573428107
227,burnie,-41.05,145.91,57.99,75,100,14.0,AU,1573428107
228,torbay,47.66,-52.73,36.0,69,20,8.05,CA,1573428107
229,marystown,47.17,-55.16,36.0,2,5,14.56,CA,1573428108
230,eirunepe,-6.66,-69.87,74.26,96,95,1.59,BR,1573428108
231,kattivakkam,13.22,80.32,77.0,83,40,3.36,IN,1573428108
232,santa fe,-31.62,-60.7,77.0,58,0,1.99,AR,1573427897
233,mareeba,-16.99,145.42,87.01,58,40,5.82,AU,1573428109
234,aswan,24.09,32.9,77.0,47,0,11.41,EG,1573428109
235,kulhudhuffushi,6.62,73.07,81.55,69,0,5.19,MV,1573428109
236,gorom-gorom,14.45,-0.24,82.99,16,17,3.36,BF,1573428109
237,makakilo city,21.35,-158.09,86.0,61,90,10.29,US,1573428109
238,luanda,-8.83,13.24,80.6,78,75,5.82,AO,1573428110
239,na wa,17.49,104.1,64.4,93,40,4.74,TH,1573428110
240,iranshahr,27.21,60.69,55.62,41,0,4.92,IR,1573428110
241,hell,63.45,10.9,26.6,68,75,8.05,NO,1573428110
242,hasaki,35.73,140.83,55.4,100,75,2.24,JP,1573427931
243,yongan,39.7,113.69,31.48,51,0,1.81,CN,1573428111
244,gizo,31.8,34.94,75.99,55,68,2.24,IL,1573428111
245,aykhal,65.95,111.51,-23.81,74,75,4.47,RU,1573428111
246,quatre cocos,-20.21,57.76,71.01,94,40,8.05,MU,1573428111
247,petropavlovsk-kamchatskiy,53.05,158.65,32.0,64,10,8.95,RU,1573428111
248,bilibino,68.06,166.44,17.74,54,84,4.83,RU,1573428112
249,jacqueville,5.21,-4.42,80.6,88,20,3.36,CI,1573428112
250,pimentel,-3.7,-45.5,80.02,71,85,3.94,BR,1573428112
251,sherwood,45.36,-122.84,55.99,87,90,4.7,US,1573428112
252,rio gallegos,-51.62,-69.22,57.2,50,40,9.17,AR,1573428112
253,puerto escondido,15.86,-97.07,86.0,70,40,0.89,MX,1573428113
254,kaliyaganj,25.64,88.33,67.24,90,0,6.69,IN,1573428113
255,mpika,-11.84,31.4,67.01,61,67,5.91,ZM,1573428113
256,namwala,-15.75,26.45,73.54,57,56,4.03,ZM,1573428113
257,chanika,-12.93,34.19,71.35,70,67,2.39,MW,1573428114
258,ilulissat,69.22,-51.1,41.0,32,100,19.46,GL,1573427928
259,moussoro,13.64,16.49,82.76,12,67,7.18,TD,1573428114
260,qidong,31.81,121.66,64.99,50,0,4.65,CN,1573428114
261,antalaha,-14.9,50.28,77.41,72,100,9.98,MG,1573428114
262,muisne,0.61,-80.02,77.0,88,90,8.05,EC,1573428115
263,leningradskiy,69.38,178.42,16.97,68,58,8.01,RU,1573428115
264,kiunga,-6.12,141.3,73.04,98,100,1.88,PG,1573428115
265,port alberni,49.24,-124.81,53.01,93,75,5.82,CA,1573428116
266,kuzino,57.02,59.44,24.39,93,100,5.14,RU,1573428116
267,edson,53.59,-116.44,8.6,84,1,2.24,CA,1573428116
268,berlevag,70.86,29.09,26.6,63,75,17.22,NO,1573428116
269,houma,35.63,111.36,48.07,34,0,1.7,CN,1573428117
270,merauke,-8.49,140.4,77.34,87,100,4.5,ID,1573428117
271,tobol,59.83,12.54,26.6,92,90,3.36,SE,1573428117
272,christchurch,-43.53,172.64,50.0,100,100,13.87,NZ,1573428117
273,inta,66.04,60.13,12.94,95,100,5.93,RU,1573428117
274,ketchikan,55.34,-131.65,46.4,87,90,13.87,US,1573427943
275,manubul,5.47,120.8,81.64,78,16,6.67,PH,1573428118
276,nome,30.04,-94.42,69.01,72,1,3.36,US,1573428118
277,grindavik,63.84,-22.43,42.8,87,90,39.15,IS,1573427966
278,bereda,43.27,-7.54,50.0,100,75,9.17,ES,1573428118
279,leeton,-34.55,146.4,73.4,33,78,8.05,AU,1573428119
280,tuatapere,-46.13,167.69,52.0,64,100,10.0,NZ,1573427874
281,waipawa,-39.94,176.59,59.0,73,63,15.99,NZ,1573427843
282,bolkhov,53.44,36.0,42.93,94,100,9.89,RU,1573428119
283,komsomolskiy,67.55,63.78,4.73,91,70,8.55,RU,1573427920
284,abeche,13.83,20.83,76.8,16,48,16.53,TD,1573427980
285,paamiut,61.99,-49.67,37.62,85,100,4.18,GL,1573428120
286,cernay,47.81,7.18,36.0,100,90,5.82,FR,1573428120
287,havre-saint-pierre,50.23,-63.6,33.8,86,90,11.41,CA,1573428120
288,kall,50.54,6.56,39.0,100,90,8.97,DE,1573428121
289,kupang,-10.16,123.6,82.4,78,20,3.36,ID,1573428121
290,kahului,20.89,-156.47,86.0,62,40,19.46,US,1573427950
291,igdir,37.52,45.24,33.8,64,0,4.7,IR,1573428121
292,rebricea,46.87,27.56,57.2,93,89,6.93,RO,1573428122
293,khani,41.96,42.96,60.8,36,0,12.75,GE,1573428122
294,tautira,-17.73,-149.15,78.8,78,75,23.04,PF,1573427872
295,noumea,-22.28,166.46,80.6,47,90,10.29,NC,1573428123
296,sao filipe,14.9,-24.5,74.62,81,82,17.65,CV,1573427931
297,djambala,-2.55,14.76,70.29,94,100,3.51,CG,1573428123
298,vardo,39.62,-77.74,50.0,57,1,5.73,US,1573428124
299,solnechnyy,50.72,136.64,25.95,75,100,3.0,RU,1573428124
300,kaeo,-35.1,173.78,55.99,94,100,1.01,NZ,1573428124
301,labuhan,-2.54,115.51,82.27,69,0,0.85,ID,1573428124
302,klaksvik,62.23,-6.59,37.4,66,100,24.16,FO,1573428124
303,krasnoshchekovo,51.67,82.73,11.48,85,7,5.84,RU,1573428125
304,varena,54.21,24.57,42.8,93,75,9.17,LT,1573428125
305,poum,41.28,20.71,41.0,85,50,1.16,MK,1573427989
306,port-gentil,-0.72,8.78,80.6,88,75,5.82,GA,1573428125
307,barra da estiva,-13.63,-41.33,70.0,46,58,8.93,BR,1573428126
308,kruisfontein,-34.0,24.73,63.07,85,92,17.36,ZA,1573427976
309,bathsheba,13.22,-59.52,82.4,78,40,16.11,BB,1573428126
310,saldanha,41.42,-6.55,43.14,91,95,3.22,PT,1573427923
311,sicamous,50.84,-118.99,42.8,60,75,11.41,CA,1573428127
312,praia,-20.25,-43.81,84.2,42,20,9.17,BR,1573428127
313,constitucion,23.99,-104.67,80.6,43,40,8.05,MX,1573427681
314,mbala,-8.85,31.37,62.53,78,90,4.74,ZM,1573428128
315,saint anthony,43.97,-111.68,51.8,39,1,3.36,US,1573428036
316,agadir,30.42,-9.58,59.0,77,13,3.36,MA,1573428014
317,muros,42.77,-9.06,57.0,100,90,4.7,ES,1573428129
318,provideniya,64.42,-173.23,37.4,86,90,13.42,RU,1573428043
319,chalchihuites,23.48,-103.88,63.73,46,59,7.38,MX,1573428129
320,severo-kurilsk,50.68,156.12,30.76,84,85,19.55,RU,1573427923
321,puerto colombia,10.99,-74.96,82.4,83,75,9.17,CO,1573428130
322,madoc,43.71,-79.75,43.0,78,90,9.17,CA,1573428130
323,krasnogorodsk,56.83,28.28,44.33,93,100,2.89,RU,1573428130
324,mercedes,-33.25,-58.03,73.0,68,0,1.99,UY,1573428130
325,vyshneve,50.39,30.37,48.99,100,90,4.47,UA,1573428131
326,abu samrah,35.3,37.18,61.18,28,7,3.24,SY,1573428131
327,oakdale,37.77,-120.85,77.0,25,1,6.93,US,1573428131
328,tarrafal,15.28,-23.77,77.0,73,20,14.99,CV,1573428131
329,amga,60.89,131.98,-10.65,94,37,2.66,RU,1573428132
330,monrovia,6.33,-10.8,78.8,94,75,5.26,LR,1573428132
331,rosarito,4.91,-75.23,73.4,100,75,3.36,CO,1573428132
332,mayya,61.74,130.28,-0.41,84,40,2.24,RU,1573428132
333,kavieng,-2.57,150.8,81.77,70,93,3.24,PG,1573428132
334,abha,18.22,42.5,57.2,54,0,1.16,SA,1573428133
335,liku,-0.73,119.89,77.83,73,0,2.57,ID,1573428133
336,lewisville,33.05,-96.99,72.0,46,59,14.99,US,1573427882
337,shadrinsk,56.09,63.63,24.26,86,92,4.61,RU,1573428134
338,katsuura,33.93,134.5,62.6,87,40,8.05,JP,1573427858
339,olga,34.11,-118.17,81.0,56,1,7.25,US,1573428135
340,beloha,-25.17,45.06,64.74,86,9,10.78,MG,1573427918
341,bhuban,20.88,85.83,70.93,89,0,2.57,IN,1573428136
342,aliwal north,-30.69,26.71,54.95,84,62,5.1,ZA,1573428136
343,pangnirtung,66.15,-65.72,16.18,61,96,10.18,CA,1573428136
344,la ronge,55.1,-105.3,6.8,55,75,17.22,CA,1573428136
345,mingyue,43.11,128.91,38.46,69,97,4.32,CN,1573428136
346,daru,-9.07,143.21,79.57,90,100,7.87,PG,1573427978
347,zhangye,38.94,100.46,31.12,29,40,1.81,CN,1573428137
348,mandalgovi,45.76,106.27,28.11,43,98,6.71,MN,1573428137
349,pierre,44.37,-100.35,19.99,85,90,10.29,US,1573428114
350,alta floresta,-9.87,-56.08,71.74,91,87,2.17,BR,1573428138
351,orlik,53.95,17.74,41.0,86,75,4.7,PL,1573428138
352,ekuvukeni,-28.47,30.16,63.03,89,58,1.81,ZA,1573428139
353,moree,-29.46,149.84,77.0,20,0,5.82,AU,1573428139
354,dingle,11.0,122.67,78.91,76,84,1.41,PH,1573427969
355,boueni,-12.9,45.08,80.6,83,75,6.93,YT,1573428139
356,auki,12.18,6.51,78.44,36,97,1.39,NG,1573428139
357,ostrovnoy,68.05,39.51,23.79,89,100,11.97,RU,1573427898
358,sorong,-0.86,131.25,83.25,70,24,4.56,ID,1573428140
359,russell,38.9,-98.86,57.2,46,1,13.87,US,1573427875
360,rosetta,31.4,30.42,73.4,73,0,4.7,EG,1573428140
361,leh,34.16,77.58,11.77,51,63,5.88,IN,1573428042
362,qarqin,37.41,66.03,49.3,40,0,6.02,AF,1573428140
363,college,64.86,-147.8,21.2,78,90,2.17,US,1573428141
364,miri,10.31,9.75,77.45,29,100,3.65,NG,1573428141
365,half moon bay,37.46,-122.43,78.01,67,20,14.99,US,1573427853
366,mosquera,4.71,-74.23,59.0,77,40,2.24,CO,1573428141
367,rocha,-34.48,-54.34,53.82,95,0,6.78,UY,1573427869
368,skelleftea,64.75,20.95,17.6,78,100,10.29,SE,1573428142
369,lodwar,3.12,35.6,83.16,53,83,13.51,KE,1573428142
370,orotukan,62.26,151.67,-1.43,96,100,3.47,RU,1573428142
371,shimoda,34.7,138.93,60.8,93,40,2.24,JP,1573428142
372,pisco,-13.71,-76.2,71.6,30,20,4.7,PE,1573427920
373,aden,12.79,45.03,77.0,76,0,11.32,YE,1573427898
374,padang,-0.92,100.36,68.59,91,100,0.81,ID,1573427864
375,nhulunbuy,-12.18,136.78,86.0,62,20,10.29,AU,1573428143
376,lucapa,-8.42,20.74,68.43,97,100,4.0,AO,1573428143
377,mezobereny,46.82,21.03,45.0,100,75,11.41,HU,1573428143
378,casa nova,-16.03,-44.16,75.2,37,61,3.62,BR,1573428144
379,uvira,-3.41,29.14,53.11,88,99,1.48,CD,1573428144
380,sola,-3.17,33.8,70.5,71,89,3.98,TZ,1573427928
381,itaguai,-22.85,-43.78,77.0,83,90,9.17,BR,1573428144
382,varhaug,58.61,5.65,34.0,92,0,3.36,NO,1573428144
383,port lincoln,-34.72,135.86,83.12,16,0,23.0,AU,1573428145
384,goure,13.98,10.27,86.0,16,72,1.99,NE,1573428145
385,mayo,63.59,-135.9,-9.41,69,5,2.55,CA,1573427933
386,ixtapa,20.71,-105.21,86.0,79,5,10.29,MX,1573427979
387,carbondale,38.82,-95.69,57.99,47,1,6.93,US,1573428145
388,sangar,63.92,127.47,-4.46,96,100,11.25,RU,1573428145
389,sakaiminato,35.55,133.23,59.0,77,40,6.93,JP,1573428146
390,barra patuca,15.8,-84.28,83.12,73,88,8.7,HN,1573428146
391,beringovskiy,63.05,179.32,34.27,98,100,16.51,RU,1573427962
392,lompoc,34.64,-120.46,73.99,77,1,11.74,US,1573427986
393,champerico,16.38,-93.6,80.6,61,20,9.17,MX,1573428147
394,tam ky,15.57,108.48,75.2,94,75,14.99,VN,1573428147
395,nador,35.17,-2.93,60.8,55,51,24.16,MA,1573428147
396,phuket,7.89,98.4,75.2,88,20,1.12,TH,1573428000
397,yazd,31.89,54.36,46.4,24,0,2.24,IR,1573428147
398,nioro,13.79,-15.05,84.69,23,100,8.88,GM,1573428148
399,kortkeros,61.81,51.56,26.6,100,90,6.71,RU,1573428148
400,cidreira,-30.17,-50.22,69.67,85,98,16.64,BR,1573427918
401,musoma,-1.5,33.81,64.18,93,62,3.11,TZ,1573428148
402,narsaq,60.91,-46.05,33.8,80,100,36.91,GL,1573427926
403,kasiri,8.94,-13.11,80.6,78,75,5.82,SL,1573428149
404,sao joao da barra,-21.64,-41.05,75.42,90,100,4.36,BR,1573428149
405,kaohsiung,22.62,120.31,72.0,77,20,4.7,TW,1573428149
406,henties bay,-22.12,14.28,57.99,93,66,3.0,NA,1573428149
407,freeport,26.54,-78.7,73.4,64,20,6.93,BS,1573428150
408,souillac,45.6,-0.6,39.99,93,30,5.82,FR,1573427930
409,tongliao,43.61,122.27,37.47,60,0,9.69,CN,1573428150
410,erdenet,49.03,104.04,14.02,81,100,5.03,MN,1573428150
411,itoman,26.12,127.67,73.4,60,40,11.41,JP,1573428151
412,palmares do sul,-30.26,-50.51,68.0,95,98,1.01,BR,1573428151
413,ola,59.58,151.3,19.42,63,84,7.63,RU,1573428151
414,tete,-16.16,33.59,82.4,65,92,10.29,MZ,1573428151
415,kanniyakumari,8.08,77.57,81.21,76,37,6.33,IN,1573428151
416,chaman,30.92,66.46,46.89,22,100,1.99,AF,1573428152
417,lindsay,44.36,-78.74,39.99,93,90,6.93,CA,1573428099
418,ustye,58.76,27.79,41.95,92,94,7.0,RU,1573428153
419,saint-francois,46.42,3.91,33.8,100,90,2.24,FR,1573427922
420,thatta,31.7,74.64,57.2,82,20,1.59,IN,1573428153
421,mabaruma,8.2,-59.78,75.11,98,79,2.21,GY,1573427921
422,tibati,6.47,12.63,70.88,53,83,1.63,CM,1573428154
423,teruel,40.34,-1.11,50.0,92,26,10.29,ES,1573428154
424,el dorado,10.65,-61.37,81.0,83,20,9.19,TT,1573428154
425,san quintin,17.54,120.52,76.32,82,39,3.51,PH,1573428154
426,kavaratti,10.57,72.64,80.85,73,69,6.58,IN,1573427885
427,bend,44.06,-121.32,66.2,34,1,4.16,US,1573428155
428,sucre,-19.05,-65.26,51.8,93,75,4.83,BO,1573428051
429,motygino,58.18,94.69,-11.51,99,96,5.1,RU,1573428155
430,mtwara,-10.28,40.18,72.39,97,66,0.78,TZ,1573428155
431,mangalam,12.6,80.07,77.0,83,40,3.36,IN,1573428155
432,yerbogachen,61.28,108.01,-17.67,96,95,6.51,RU,1573427940
433,dibulla,11.27,-73.31,82.4,83,75,9.17,CO,1573428156
434,pathein,16.78,94.73,73.53,92,0,4.18,MM,1573428156
435,tezu,27.93,96.16,63.36,97,98,0.98,IN,1573427871
436,kamenka,48.03,28.7,55.99,87,55,3.0,MD,1573427976
437,nicoya,10.15,-85.45,84.2,66,75,5.82,CR,1573428157
438,cabo san lucas,22.89,-109.91,84.2,58,75,4.7,MX,1573427673
439,bihoro,43.75,144.14,35.6,64,20,8.05,JP,1573428157
440,weligama,5.97,80.42,74.57,89,100,2.89,LK,1573428157
441,whitehorse,60.72,-135.06,10.99,60,20,17.22,CA,1573428157
442,viedma,-40.81,-62.99,53.67,78,76,15.35,AR,1573428158
443,ngunguru,-35.62,174.5,55.99,94,100,1.01,NZ,1573428158
444,ambon,47.55,-2.56,44.01,100,98,2.24,FR,1573428159
445,amahai,-3.31,129.0,88.0,82,99,1.99,ID,1573428159
446,lyaskelya,61.77,31.02,36.21,99,96,3.65,RU,1573428159
447,diban,35.02,40.51,62.24,27,0,4.03,SY,1573428159
448,vestmannaeyjar,63.44,-20.27,44.53,86,100,45.16,IS,1573428160
449,coquimbo,-29.95,-71.34,59.0,82,20,11.41,CL,1573427916
450,bukama,-9.2,25.85,71.01,94,83,3.65,CD,1573428160
451,maniago,46.17,12.71,46.0,86,50,3.78,IT,1573428160
452,tarakan,3.3,117.63,79.7,80,19,4.0,ID,1573428160
453,mineros,-17.12,-63.23,77.0,83,75,2.24,BO,1573428160
454,namibe,-15.19,12.15,77.59,83,53,4.34,AO,1573428161
455,zhigansk,66.77,123.37,-0.1,95,100,6.26,RU,1573428161
456,panguna,-6.32,155.48,80.55,69,100,2.59,PG,1573428161
457,raudeberg,61.99,5.14,30.2,68,0,8.05,NO,1573428161
458,ilhabela,-23.78,-45.36,75.33,88,91,9.33,BR,1573428161
459,okakarara,-20.59,17.46,69.78,61,100,4.29,NA,1573428162
460,ha giang,22.83,104.99,57.36,85,100,2.8,VN,1573428162
461,saraland,30.82,-88.07,64.4,72,75,4.7,US,1573428162
462,corcoran,36.1,-119.56,79.0,29,1,4.7,US,1573428162
463,belmonte,40.36,-7.35,50.0,96,100,4.72,PT,1573427910
464,ajdabiya,30.75,20.22,67.69,76,79,4.63,LY,1573428163
465,roald,62.58,6.12,26.6,86,0,4.7,NO,1573428163
466,honolulu,21.3,-157.86,86.0,55,40,11.41,US,1573427996
467,calama,-22.46,-68.93,69.8,13,52,24.16,CL,1573428163
468,florianopolis,-27.6,-48.55,75.0,100,75,9.17,BR,1573428032
469,westport,41.14,-73.36,51.8,61,40,3.36,US,1573427865
470,north bend,43.41,-124.22,64.0,72,1,8.05,US,1573428164
471,fare,-16.7,-151.02,80.02,79,100,11.65,PF,1573427929
472,tolaga bay,-38.37,178.3,64.13,64,17,14.36,NZ,1573428164
473,yuanping,38.72,112.71,38.23,43,0,1.28,CN,1573428164
474,fort morgan,40.25,-103.8,64.4,30,1,3.36,US,1573428165
475,flinders,-34.58,150.85,73.99,37,67,8.05,AU,1573428165
476,ahuimanu,21.44,-157.84,86.0,66,20,9.17,US,1573428165
477,ahipara,-35.17,173.16,56.77,77,100,11.16,NZ,1573427898
478,san patricio,-26.98,-56.83,74.05,73,23,9.6,PY,1573428165
479,samana,0.12,-76.97,87.8,94,75,5.82,EC,1573428166
480,acari,-6.44,-36.64,71.98,79,69,28.34,BR,1573428166
481,kuryk,43.18,51.68,58.62,56,5,27.69,KZ,1573428166
482,kununurra,-15.77,128.74,84.2,70,72,5.82,AU,1573428039
483,nizhneangarsk,55.78,109.57,-17.31,84,0,6.35,RU,1573428166
484,biggar,52.06,-107.98,1.53,91,33,8.66,CA,1573428167
485,eurajoki,61.2,21.73,28.4,92,90,5.82,FI,1573428167
486,jamame,0.07,42.75,81.61,79,77,9.57,SO,1573428167
487,beirut,33.9,35.48,80.6,53,40,2.24,LB,1573427885
488,opunake,-39.45,173.86,60.01,52,49,8.01,NZ,1573428167
489,vanimo,-2.67,141.3,80.46,77,100,7.25,PG,1573427928
490,gawler,-34.6,138.75,84.0,13,5,20.8,AU,1573427973
491,suoyarvi,62.08,32.35,38.05,99,100,4.36,RU,1573428168
492,malchevskaya,49.06,40.36,40.66,94,51,7.31,RU,1573428169
493,arica,-18.48,-70.32,68.0,68,75,4.7,CL,1573428169
494,tavda,58.04,65.27,18.5,86,99,4.29,RU,1573428169
495,itarema,-2.92,-39.92,77.67,77,97,10.27,BR,1573427924
496,pishin,30.58,67.0,48.4,22,100,1.16,PK,1573428169
497,bella union,8.5,-73.35,68.52,97,99,3.51,CO,1573428170
498,hovd,63.83,10.7,26.6,68,75,8.05,NO,1573428170
499,kurikka,62.62,22.4,30.0,92,90,5.82,FI,1573428170
500,bilma,18.69,12.92,76.41,16,60,7.29,NE,1573427962
501,sur,22.57,59.53,74.28,59,0,6.17,OM,1573427911
502,kilinochchi,9.4,80.4,76.12,87,3,4.88,LK,1573428170
503,parabel,58.71,81.5,3.67,90,75,4.7,RU,1573427930
504,gombe,10.28,11.16,78.69,33,100,5.64,NG,1573428171
505,lazaro cardenas,28.39,-105.62,77.0,44,75,8.34,MX,1573428171
506,biak,-0.91,122.88,81.72,64,63,3.65,ID,1573428171
507,fortuna,40.6,-124.16,66.0,76,1,11.41,US,1573427917
508,makhachkala,42.98,47.5,50.0,81,20,4.47,RU,1573427990
509,bandarbeyla,9.49,50.81,79.47,70,34,12.84,SO,1573428172
510,oum hadjer,13.3,19.7,79.23,15,64,8.86,TD,1573428172
511,awbari,26.59,12.77,72.81,36,100,6.62,LY,1573428172
512,touros,-5.2,-35.46,78.8,78,20,6.93,BR,1573427986
513,anloga,5.79,0.9,80.6,83,20,4.7,GH,1573428173
514,tazmalt,36.39,4.4,48.2,93,75,11.41,DZ,1573428173
515,pingliang,35.54,106.68,36.27,66,27,0.63,CN,1573428173
516,ovre ardal,61.32,7.8,-0.46,95,3,4.61,NO,1573428173
517,diego de almagro,-26.39,-70.05,59.43,48,0,3.27,CL,1573428173
518,pombas,-15.9,-54.74,71.22,96,72,2.62,BR,1573428174
519,maceio,-9.67,-35.74,75.2,88,12,8.05,BR,1573427934
520,razole,16.48,81.84,72.88,90,5,1.95,IN,1573428174
521,nouadhibou,20.93,-17.03,68.0,72,10,18.34,MR,1573428174
522,palmer,-34.85,139.16,84.0,13,3,20.8,AU,1573427934
523,zarubino,42.65,131.06,47.5,82,100,18.3,RU,1573428175
524,guarapari,-20.67,-40.5,78.8,78,100,9.17,BR,1573427981
525,vila velha,-3.71,-38.6,86.0,74,66,9.17,BR,1573427979
526,lakota,5.85,-5.68,72.16,97,22,2.57,CI,1573428175
527,machiques,10.06,-72.55,77.65,90,93,9.01,VE,1573428175
528,usolye,59.42,56.68,21.99,93,100,4.0,RU,1573428176
529,san buenaventura,27.06,-101.55,78.8,47,20,4.05,MX,1573428176
530,hambantota,6.12,81.12,79.41,77,90,6.51,LK,1573427954
531,shymkent,42.31,69.59,33.8,86,1,4.47,KZ,1573428176
532,panaba,21.28,-88.27,75.74,86,11,9.53,MX,1573427918
533,ranong,9.96,98.62,77.77,75,59,4.05,TH,1573428177
534,naze,5.43,7.07,73.4,100,75,2.1,NG,1573428177
535,qinzhou,21.96,108.62,65.41,63,58,3.31,CN,1573428177
536,gotsu,35.01,132.22,55.4,93,75,5.82,JP,1573428177
537,lakes entrance,-37.88,147.99,71.01,67,18,1.99,AU,1573428178
538,santa isabel,32.63,-115.58,87.8,5,1,4.7,MX,1573428178
